{
    "KEM": {
        "kyber512": {
            "key_generation_avg": 0.030547707080841063,
            "encapsulation_avg": 0.01370645523071289,
            "decapsulation_avg": 0.013628900051116943
        },
        "kyber768": {
            "key_generation_avg": 0.02264451503753662,
            "encapsulation_avg": 0.010142033100128173,
            "decapsulation_avg": 0.010262510776519775
        },
        "kyber1024": {
            "key_generation_avg": 0.028558442592620848,
            "encapsulation_avg": 0.012955224514007569,
            "decapsulation_avg": 0.0134460186958313
        }
    },
    "SIGNATURE": {
        "dilithium2": {
            "key_generation_avg": 0.024706737995147707,
            "signing_avg": 0.013540151119232178,
            "verification_avg": 0.012124190330505371
        },
        "dilithium3": {
            "key_generation_avg": 0.024475231170654296,
            "signing_avg": 0.013588171005249023,
            "verification_avg": 0.0119606351852417
        },
        "dilithium5": {
            "key_generation_avg": 0.02101222276687622,
            "signing_avg": 0.01179309606552124,
            "verification_avg": 0.01034688949584961
        },
        "sphincssha2128fsimple": {
            "key_generation_avg": 0.023637568950653075,
            "signing_avg": 0.02210434675216675,
            "verification_avg": 0.01324281930923462
        },
        "sphincsshake128fsimple": {
            "key_generation_avg": 0.024618635177612303,
            "signing_avg": 0.03339120626449585,
            "verification_avg": 0.013295416831970214
        },
        "falcon512": {
            "key_generation_avg": 0.028651480674743653,
            "signing_avg": 0.011922616958618164,
            "verification_avg": 0.010429389476776123
        },
        "falcon1024": {
            "key_generation_avg": 0.04072965145111084,
            "signing_avg": 0.012069287300109864,
            "verification_avg": 0.010416145324707032
        }
    }
}