{
    "KEM": {
        "kyber512": {
            "key_generation_avg": 0.046715097427368166,
            "encapsulation_avg": 0.014525039196014404,
            "decapsulation_avg": 0.01431955099105835
        },
        "kyber768": {
            "key_generation_avg": 0.031153008937835694,
            "encapsulation_avg": 0.009889562129974366,
            "decapsulation_avg": 0.009676773548126221
        },
        "kyber1024": {
            "key_generation_avg": 0.0219365930557251,
            "encapsulation_avg": 0.007046482563018799,
            "decapsulation_avg": 0.006908552646636963
        }
    },
    "SIGNATURE": {
        "dilithium2": {
            "key_generation_avg": 0.02585047245025635,
            "signing_avg": 0.008321411609649658,
            "verification_avg": 0.00819732904434204
        },
        "dilithium3": {
            "key_generation_avg": 0.03394173860549927,
            "signing_avg": 0.010744290351867676,
            "verification_avg": 0.010480000972747802
        },
        "dilithium5": {
            "key_generation_avg": 0.022241246700286866,
            "signing_avg": 0.007130711078643799,
            "verification_avg": 0.006850743293762207
        },
        "sphincssha2128fsimple": {
            "key_generation_avg": 0.020317065715789794,
            "signing_avg": 0.006511566638946534,
            "verification_avg": 0.00624819278717041
        },
        "sphincsshake128fsimple": {
            "key_generation_avg": 0.020889434814453125,
            "signing_avg": 0.006579685211181641,
            "verification_avg": 0.00635028600692749
        },
        "falcon512": {
            "key_generation_avg": 0.02651484489440918,
            "signing_avg": 0.006407549381256103,
            "verification_avg": 0.006234304904937744
        },
        "falcon1024": {
            "key_generation_avg": 0.04073376655578613,
            "signing_avg": 0.006714668273925781,
            "verification_avg": 0.006546452045440674
        }
    }
}