{
    "KEM": {
        "kyber512": {
            "key_generation_avg": 0.02236677885055542,
            "encapsulation_avg": 0.01895576000213623,
            "decapsulation_avg": 0.018992109298706053
        },
        "kyber768": {
            "key_generation_avg": 0.01196342945098877,
            "encapsulation_avg": 0.010193314552307129,
            "decapsulation_avg": 0.010233378410339356
        },
        "kyber1024": {
            "key_generation_avg": 0.012734649181365966,
            "encapsulation_avg": 0.010883715152740479,
            "decapsulation_avg": 0.011131260395050049
        }
    },
    "SIGNATURE": {
        "dilithium2": {
            "key_generation_avg": 0.012790908813476562,
            "signing_avg": 0.013353571891784669,
            "verification_avg": 0.011860101222991944
        },
        "dilithium3": {
            "key_generation_avg": 0.013285236358642578,
            "signing_avg": 0.013934268951416015,
            "verification_avg": 0.01226639986038208
        },
        "dilithium5": {
            "key_generation_avg": 0.013092553615570069,
            "signing_avg": 0.013797423839569091,
            "verification_avg": 0.012106726169586182
        },
        "sphincssha2128fsimple": {
            "key_generation_avg": 0.011354215145111084,
            "signing_avg": 0.019649813175201414,
            "verification_avg": 0.011881442070007324
        },
        "sphincsshake128fsimple": {
            "key_generation_avg": 0.009155545234680176,
            "signing_avg": 0.02267469644546509,
            "verification_avg": 0.009053957462310792
        },
        "falcon512": {
            "key_generation_avg": 0.014153931140899658,
            "signing_avg": 0.009403529167175293,
            "verification_avg": 0.008333919048309326
        },
        "falcon1024": {
            "key_generation_avg": 0.024394071102142333,
            "signing_avg": 0.009254276752471924,
            "verification_avg": 0.008065550327301026
        }
    }
}