{
    "KEM": {
        "kyber512": {
            "private_size": 3390,
            "public_size": 1170,
            "key_generation_avg": 0.045871224403381344,
            "encapsulation_avg": 0.014303865432739258,
            "decapsulation_avg": 0.014042418003082275
        },
        "kyber768": {
            "private_size": 4950,
            "public_size": 1690,
            "key_generation_avg": 0.020253517627716065,
            "encapsulation_avg": 0.006467211246490479,
            "decapsulation_avg": 0.006351644992828369
        },
        "kyber1024": {
            "private_size": 6510,
            "public_size": 2210,
            "key_generation_avg": 0.017515625953674317,
            "encapsulation_avg": 0.005610778331756592,
            "decapsulation_avg": 0.005399653911590576
        }
    },
    "SIGNATURE": {
        "dilithium2": {
            "private_size": 5295,
            "public_size": 1864,
            "key_generation_avg": 0.022224769592285157,
            "signing_avg": 0.007125191688537598,
            "verification_avg": 0.006922440528869629
        },
        "dilithium3": {
            "private_size": 8155,
            "public_size": 2730,
            "key_generation_avg": 0.025389912128448485,
            "signing_avg": 0.008085618019104004,
            "verification_avg": 0.007951281070709228
        },
        "dilithium5": {
            "private_size": 10194,
            "public_size": 3595,
            "key_generation_avg": 0.021477303504943847,
            "signing_avg": 0.006842837333679199,
            "verification_avg": 0.006628780364990234
        },
        "sphincssha2128fsimple": {
            "private_size": 213,
            "public_size": 117,
            "key_generation_avg": 0.021693203449249267,
            "signing_avg": 0.006867449283599853,
            "verification_avg": 0.006666731834411621
        },
        "sphincssha2128ssimple": {
            "private_size": 213,
            "public_size": 117,
            "key_generation_avg": 0.03726466417312622,
            "signing_avg": 0.0057709884643554685,
            "verification_avg": 0.005786681175231933
        },
        "falcon512": {
            "private_size": 3036,
            "public_size": 1292,
            "key_generation_avg": 0.021122126579284667,
            "signing_avg": 0.005187129974365235,
            "verification_avg": 0.00507594108581543
        },
        "falcon1024": {
            "private_size": 5636,
            "public_size": 2506,
            "key_generation_avg": 0.030923452377319336,
            "signing_avg": 0.00513958215713501,
            "verification_avg": 0.005166831016540527
        }
    }
}